<?xml version="1.0" encoding="utf-8"?>
<resources>
    <color name="black">#FF000000</color>
    <color name="white">#FFFFFFFF</color>
    <color name="primary">#2196F3</color>
    <color name="primary_dark">#1976D2</color>
    <color name="accent">#FF4081</color>
    <color name="background">#F5F5F5</color>
    <color name="surface">#FFFFFF</color>
    <color name="text_primary">#DE000000</color>
    <color name="text_secondary">#8A000000</color>
    <color name="error">#F44336</color>
    <color name="gray">#888888</color>
    <color name="green">#4CAF50</color>
    <color name="yellow">#FFC107</color>
    <color name="orange">#FF9800</color>
    <color name="red">#F44336</color>
</resources>