<resources xmlns:tools="http://schemas.android.com/tools">
    <!-- Base application theme. -->
    <style name="Base.Theme.RoadSenseBasic" parent="Theme.Material3.DayNight.NoActionBar">
        <!-- Primary brand color. -->
        <item name="colorPrimary">@color/primary</item>
        <item name="colorPrimaryVariant">@color/primary_dark</item>
        <item name="colorOnPrimary">@color/white</item>
        <!-- Secondary brand color. -->
        <item name="colorSecondary">@color/accent</item>
        <item name="colorSecondaryVariant">@color/accent</item>
        <item name="colorOnSecondary">@color/black</item>
        <!-- Background and surface. -->
        <item name="android:colorBackground">@color/background</item>
        <item name="colorSurface">@color/surface</item>
        <item name="colorOnSurface">@color/text_primary</item>
        <!-- Status bar color. -->
        <item name="android:statusBarColor">?attr/colorPrimaryVariant</item>
        <!-- Text colors. -->
        <item name="android:textColorPrimary">@color/text_primary</item>
        <item name="android:textColorSecondary">@color/text_secondary</item>
    </style>

    <style name="Theme.RoadSenseBasic" parent="Base.Theme.RoadSenseBasic" />
</resources>